Date/Time;TIMESTAMP_START;TIMESTAMP_END;TA_F;SW_IN_POT;SW_IN_F;LW_IN_F;VPD_F;PA_F;P_F;WS_F;WD;USTAR;RH;PPFD_IN;PPFD_OUT;SW_DIF;SW_OUT;LW_OUT;CO2;TS_F_MDS_1;TS_F_MDS_2;TS_F_MDS_3;TS_F_MDS_4;TS_F_MDS_5;SWC_F_MDS_1;SWC_F_MDS_2;SWC_F_MDS_3;G_F_MDS;LE_F_MDS;LE_RANDUNC;H_F_MDS;H_RANDUNC;NIGHT;NEE_VUT_REF;NEE_VUT_REF_JOINTUNC;RECO_NT_VUT_REF;GPP_NT_VUT_REF;e(sat);ea
01.06.2016 00:00;201605312330;201606010000;15,79;0;0;370,2;5,025;95,648;0;2,314;266,53;0,262219;72;0;0;0;0;392,14;413,586;13,345;12,17;12,21;10,155;9,36;36,16;38,12;41,45;4,49;-0,52675;62,9645;-17,2489;13,4354;1;6,78679;2,50393;5,37548;-1,41131;1,790440655;1,287940655
01.06.2016 00:30;201606010000;201606010030;15,55;0;0;371;4,736;95,641;0;2,133;271,97;0,270653;73,2;0;0;0;0;391,15;416,352;13,305;12,145;12,235;10,16;9,36;36,127;38,07;41,45;4,302;33,7206;21,9628;-20,0953;19,9166;1;2,87107;4,57956;5,36189;2,49082;1,763149583;1,289549583
01.06.2016 01:00;201606010030;201606010100;15,24;0;0;377,6;3,886;95,633;0;2,05;289,27;0,244756;77,57;0;0;0,72;0;387,78;419,47;13,26;12,12;12,18;10,165;9,37;36,142;38,07;41,45;4,094;-5,15503;115,52;-27,9041;20,2527;1;2,87107;4,47973;5,33281;2,46174;1,728440351;1,339840351
01.06.2016 01:30;201606010100;201606010130;15,18;0;0;377,02;3,262;95,613;0;2,498;281,27;0,376471;81,1;0;0;0;0;387,98;420,092;13,215;12,095;12,205;10,17;9,37;36,14;38,07;41,43;3,87;-12,1465;142,688;-33,6152;19,5004;1;2,87107;4,61163;5,35644;2,48537;1,721792285;1,395592285
01.06.2016 02:00;201606010130;201606010200;15,03;0;0;372,73;3,099;95,606;0;2,863;276,63;0,42059;81,87;0;0;0;0;388,4;421,93;13,175;12,075;12,23;10,18;9,38;36,05;38,07;41,38;3,77;-22,8057;148,759;-31,0615;19,1285;1;2,87107;6,1369;5,36051;2,48944;1,705270406;1,395370406
01.06.2016 02:30;201606010200;201606010230;14,76;0;0;366,77;2,973;95,595;0;2,215;273,2;0,357136;82,3;0;0;0;0;387,17;423,73;13,14;12,05;12,235;10,185;9,38;36,13;38,07;41,38;3,716;32,6467;22,3261;-17,6656;19,0669;1;2,87107;4,75987;5,33823;2,46716;1,675882135;1,378582135
01.06.2016 03:00;201606010230;201606010300;14,56;0;0;373,04;2,968;95,611;0;2,078;284;0,345634;82,1;0;0;0;0;386,57;427,391;13,105;12,03;12,2;10,195;9,385;36,07;38,07;41,38;3,586;32,7206;22,2816;-7,97977;9,0696;1;2,87107;5,05593;5,33048;2,45941;1,654401195;1,357601195
01.06.2016 03:30;201606010300;201606010330;14,36;0;0;361,07;2,264;95,593;0;2,176;282,77;0,302858;86,17;0;0;0;0;384,25;428,054;13,07;12,005;12,175;10,2;9,39;36,03;38,02;41,38;3,476;33,9753;22,2816;-9,16218;9,3713;1;2,87107;4,49255;5,32222;2,45115;1,633162851;1,406762851
01.06.2016 04:00;201606010330;201606010400;14,32;0;0;367,56;1,605;95,57;0;1,956;285,73;0,209563;90,17;0;0;0;0;383,93;430,025;13,035;11,985;12,215;10,2;9,39;36,055;38;41,38;3,346;33,9753;22,2816;-10,0033;9,59086;1;2,87107;4,49255;5,34865;2,47758;1,628944087;1,468444087
01.06.2016 04:30;201606010400;201606010430;13,97;9,94193;0;313,09;1,448;95,559;0;2,282;276,47;0,262063;90,93;3,23;0;2,78;0;379,81;435,657;13;11,965;12,175;10,205;9,4;36,13;38;41,38;3,22;-13,0251;110,401;-22,5017;14,7837;0;2,52257;4,35741;5,3064;2,43534;1,592436984;1,447636984
01.06.2016 05:00;201606010430;201606010500;13,75;88,7859;16,53;325,71;1,164;95,558;0;2,377;272,4;0,30422;92,6;38,08;1,13;20,89;4,1;379,68;433,889;12,955;11,94;12,16;10,215;9,4;36,108;38;41,38;3,024;-20,6481;115,101;-7,71589;11,514;0;1,98277;4,59176;5,2922;3,0509;1,569859959;1,453459959
01.06.2016 05:30;201606010500;201606010530;14,16;184,885;73,48;319,62;1,207;95,564;0;2,06;263,77;0,316141;92,53;134,02;6,35;54,16;25,83;382,26;433,514;12,925;11,915;12,18;10,215;9,405;36,145;38;41,38;2,954;11,8485;11,6072;8,54028;14,0102;0;-7,28097;5,15135;5,41825;13,1261;1,612164758;1,491464758
01.06.2016 06:00;201606010530;201606010600;14,57;284,511;91,92;319,77;1,565;95,585;0;2,038;267,23;0,27634;90,57;184,13;8,28;56,37;25,14;384,27;433,967;12,915;11,905;12,145;10,22;9,41;36,047;38;41,38;3,06;11,6506;14,1355;10,8474;17,4511;0;-1,29;3,30946;5,54577;8,98687;1,655469461;1,498969461
01.06.2016 06:30;201606010600;201606010630;14,14;385,961;60,29;334,38;1,21;95,601;0;1,887;260,9;0,24711;92,5;145,15;4,48;56,8;7,27;383,22;433,268;12,895;11,885;12,22;10,22;9,415;35,965;38;41,38;3,072;9,97077;12,8548;11,4501;15,0727;0;-7,70785;5,19145;5,48355;13,1914;1,610078072;1,489078072
01.06.2016 07:00;201606010630;201606010700;14,31;487,497;146,67;332,24;1,105;95,592;0;2,099;258,77;0,36018;93,23;315,95;11,09;110,03;25,37;386,32;432,178;12,89;11,865;12,19;10,23;9,415;36,028;38;41,38;3,184;35,9991;25,8895;45,6468;19,7429;0;-3,78364;4,1302;5,5573;12,5298;1,627890895;1,517390895
01.06.2016 07:30;201606010700;201606010730;14,89;587,383;187,01;326,64;1,631;95,594;0;2,016;270,03;0,352068;90,37;402,75;14,09;138,5;30,68;389,01;432,426;12,91;11,855;12,225;10,23;9,425;36,013;37,98;41,38;3,548;27,3869;28,6304;32,1454;19,3171;0;-6,29646;5,68379;5,72619;11,404;1,689975955;1,526875955
01.06.2016 08:00;201606010730;201606010800;14,85;683,91;194,61;333,95;1,6;95,595;0;2,577;255,17;0,389574;90,53;421,86;13,76;174,1;31,08;389,76;433,153;12,935;11,855;12,2;10,23;9,425;36;37,94;41,38;3,888;76,2728;21,2149;76,215;23,3081;0;-6,29646;6,36449;5,75286;11,4307;1,685628333;1,525628333
01.06.2016 08:30;201606010800;201606010830;15,57;775,426;387,82;347,42;2,49;95,598;0;2,411;252,93;0,437474;85,93;812,92;26,32;296,93;64,85;397,95;432,503;12,995;11,855;12,275;10,235;9,43;35,943;37,94;41,3;4,504;85,3139;24,2724;114,304;18,7609;0;-17,6372;5,22983;5,9577;23,8247;1,765409785;1,516409785
01.06.2016 09:00;201606010830;201606010900;16,08;860,365;382,66;358,72;3,296;95,599;0;1,829;259,2;0,470041;81,97;802,82;24,98;328,8;64,33;401,49;427,335;13,08;11,875;12,245;10,235;9,435;35,938;37,94;41,3;5,32;88,0856;30,8983;114,55;23,6746;0;-5,16001;7,93244;6,11557;11,2756;1,823912333;1,494312333
01.06.2016 09:30;201606010900;201606010930;16,64;937,274;316,36;372,01;4,333;95,594;0;2,413;276,97;0,443138;77,13;667,36;20,24;295,87;52,47;402,46;422,801;13,175;11,9;12,205;10,235;9,44;35,892;37,94;41,3;6,002;79,699;41,171;80,706;16,0641;0;-26,8938;8,50896;6,28733;33,1811;1,8901071;1,4568071
01.06.2016 10:00;201606010930;201606011000;16,7;1004,84;313,62;375,33;4,342;95,581;0;3,009;269,53;0,464844;77,17;665,29;20,04;302,07;53,51;403,18;420,056;13,24;11,93;12,245;10,23;9,445;35,862;37,92;41,25;6,374;58,4037;50,8034;70,4288;16,65;0;-19,7863;6,3776;6,34037;26,1267;1,897323073;1,463123073
01.06.2016 10:30;201606011000;201606011030;16,74;1061,9;377,78;372,11;4,194;95,57;0;3,404;267,3;0,594495;78;803,92;24,31;360,1;65,11;404,35;418,884;13,305;11,965;12,19;10,23;9,45;35,895;37,87;41,23;6,77;108,999;32,4917;114,6;38,154;0;-33,5337;8,79837;6,3887;39,9224;1,90214716;1,48274716
01.06.2016 11:00;201606011030;201606011100;16,83;1107,48;412,32;377,55;4,263;95,577;0;3,246;264,37;0,542808;77,77;893,06;26,05;389,07;69,2;405,31;416,763;13,39;11,995;12,19;10,235;9,455;35,852;37,85;41,23;7,268;84,3279;57,4399;97,4468;56,0554;0;-16,0329;4,42898;6,44938;22,4823;1,913040782;1,486740782
01.06.2016 11:30;201606011100;201606011130;17,11;1140,8;361,18;390,9;4,567;95,58;0;2,824;261,53;0,599076;76,6;772,99;22,78;336,63;61,96;406;415,453;13,46;12,035;12,155;10,23;9,455;35,788;37,8;41,18;7,626;130,913;38,1513;93,0021;31,1358;0;-19,6835;5,18188;6,55715;26,2406;1,947283429;1,490583429
01.06.2016 12:00;201606011130;201606011200;17,46;1161,3;444,16;388,04;5,009;95,572;0;2,752;283,97;0,608407;74,9;958,49;27,79;418,37;75,76;407,49;414,154;13,53;12,07;12,2;10,235;9,46;35,782;37,78;41,15;7,936;151,007;50,6621;148,722;60,5267;0;-31,7527;6,3413;6,6832;38,4359;1,990843175;1,489943175
01.06.2016 12:30;201606011200;201606011230;17,59;1168,62;524,56;385,53;5,13;95,571;0;2,432;278,43;0,661698;74,5;1127,08;32,47;477,6;86,06;410,32;414,231;13,61;12,105;12,175;10,235;9,465;35,695;37,73;41,15;8,334;171,137;32,585;223,704;48,8089;0;-22,9624;6,58761;6,75543;29,7178;2,007239156;1,494239156
01.06.2016 13:00;201606011230;201606011300;17,61;1162,63;435,27;379,8;4,956;95,567;0;2,545;267,77;0,637349;75,4;942,82;27,12;409,7;69,55;409,44;412,577;13,7;12,15;12,105;10,235;9,47;35,67;37,71;41,1;8,772;104,853;41,2441;172,828;49,401;0;-26,3122;2,28623;6,80042;33,1126;2,009772112;1,514172112
01.06.2016 13:30;201606011300;201606011330;17,61;1143,44;569,58;382,14;4,633;95,547;0;3,059;269,2;0,582797;77;1220;35,14;503,9;95,27;410,6;414,078;13,76;12,19;12,155;10,235;9,475;35,67;37,66;41,08;8,944;144,767;38,1513;150,09;45,5956;0;-19,5539;5,12987;6,84039;26,3943;2,009772112;1,546472112
01.06.2016 14:00;201606011330;201606011400;17,47;1111,38;358,18;386,12;4,367;95,534;0;3,056;274,4;0,483954;78,13;748,66;22,18;345,2;61,27;407,19;417,162;13,84;12,235;12,19;10,24;9,475;35,617;37,64;41,08;9,356;75,3659;70,0003;54,9531;50,0781;0;-6,47146;7,99953;6,84473;13,3162;1,992100214;1,555400214
01.06.2016 14:30;201606011400;201606011430;17,09;1066,99;378,3;388,89;3,503;95,515;0;2,481;280,53;0,654542;82,03;784,4;23,11;360,03;67,56;404,82;416,106;13,845;12,27;12,255;10,24;9,475;35,612;37,6;41;8,958;201,61;65,3797;97,3544;52,7427;0;-25,467;7,59211;6,78743;32,2544;1,944819791;1,594519791
01.06.2016 15:00;201606011430;201606011500;17,29;1011,03;450,54;393,6;3,133;95,5;0;2,544;274,5;0,608318;84,13;945,09;26,79;420,23;76,74;406,3;414,879;13,875;12,3;12,265;10,245;9,485;35,57;37,6;41;8,868;191,926;63,4731;96,1877;29,9875;0;-19,3621;5,12987;6,87799;26,2401;1,969579846;1,656279846
01.06.2016 15:30;201606011500;201606011530;17,57;944,471;368,66;396,19;3,671;95,474;0;2,712;281,37;0,425491;81,73;762,55;22,11;348,77;63,61;406,73;415,232;13,925;12,33;12,29;10,25;9,49;35,575;37,53;41;9,076;65,8492;40,074;39,2565;23,2002;0;-15,1095;4,93638;6,9899;26,346;2,004709004;1,637609004
01.06.2016 16:00;201606011530;201606011600;17,39;868,44;261,67;384,41;3,695;95,467;0;2,277;286,9;0,524286;81,4;543,58;15,83;253,63;44,99;404,96;412,952;13,925;12,36;12,35;10,25;9,49;35,498;37,53;41;8,768;105,537;35,4945;95,7762;30,3366;0;-19,1227;7,14376;6,98299;24,1385;1,982063391;1,612563391
01.06.2016 16:30;201606011600;201606011630;17,72;784,241;324,5;381,74;4,179;95,452;0;2,127;270,3;0,579727;79,4;681,93;19,5;310,73;51,92;408,52;412,483;13,935;12,375;12,365;10,26;9,495;35,453;37,53;41;8,582;87,7361;41,2075;73,7091;30,6187;0;-4,59782;6,25503;7,06346;11,6613;2,023753619;1,605853619
01.06.2016 17:00;201606011630;201606011700;17,51;693,314;183,81;386,1;4,07;95,451;0;2,488;262,97;0,494353;79,67;385,7;11,09;181,73;29,84;405,49;412,516;13,94;12,395;12,325;10,26;9,5;35,432;37,46;40,93;8,422;43,6895;29,842;59,0762;31,094;0;-10,8342;5,19671;7,00342;17,8376;1,997135346;1,590135346
01.06.2016 17:30;201606011700;201606011730;17,15;597,215;135,36;378,81;3,718;95,452;0;1,935;253,03;0,405381;81;288,45;8,28;132,97;22,54;403,11;413,596;13,92;12,4;12,355;10,265;9,5;35,432;37,46;40,93;8,042;23,0147;16,9362;22,97;24,2975;0;-6,63349;8,5184;6,90465;13,5381;1,952218932;1,580418932
01.06.2016 18:00;201606011730;201606011800;16,94;497,588;73,77;380,93;3,476;95,47;0,7;2,327;236,67;-9999;82;161,38;4,54;70,49;12,41;401,07;416,057;13,88;12,405;12,5;10,265;9,5;35,385;37,46;40,93;7,528;6,88551;13,4989;13,3208;17,5345;0;-4,05805;3,22168;6,84499;10,903;1,926429625;1,578829625
01.06.2016 18:30;201606011800;201606011830;16,34;396,139;37,17;389,43;2,398;95,48;0,6;2,463;227,53;0,283031;87,1;83,92;2,2;37,05;7,19;395,4;419,779;13,825;12,41;12,44;10,275;9,51;35,443;37,41;40,93;6,964;29,8519;23,4362;-9,55372;14,9786;0;-1,76569;4,81995;6,68496;8,45065;1,854387777;1,614587777
01.06.2016 19:00;201606011830;201606011900;15,73;294,603;41,15;386,47;1,275;95,472;0,1;2,821;220,33;0,404854;92,87;90,45;2,33;39,53;6,93;392,16;422,057;13,765;12,395;12,45;10,275;9,52;35,413;37,46;40,93;6,536;33,4019;22,651;-8,06036;17,1247;0;-2,49427;5,12329;6,52321;9,01748;1,783583302;1,656083302
01.06.2016 19:30;201606011900;201606011930;15,57;194,716;53,42;384,01;0,933;95,461;0;2,835;228,13;0,35065;94,73;114,57;2,88;53,03;8,54;391,83;423,518;13,725;12,385;12,49;10,28;9,525;35,425;37,71;41;6,248;3,01931;17,2295;-3,39862;15,4598;0;-3,29985;4,85099;6,47723;9,77708;1,765409785;1,672109785
01.06.2016 20:00;201606011930;201606012000;15,48;98,1896;68,37;380,33;0,744;95,462;0;3,479;221,73;-9999;95,77;135,67;3,61;72,54;12,18;391,58;424,716;13,695;12,37;12,39;10,29;9,53;35,395;37,94;41,03;5,978;-20,5781;18,2309;-18,5925;22,8305;0;-5,75506;5,02593;6,44924;12,2043;1,7552589;1,6808589
01.06.2016 20:30;201606012000;201606012030;15,26;14,6309;11,69;376,23;0,642;95,451;0;3,213;219,93;0,357234;96,3;26,25;0,47;14,95;1,53;389,42;427,975;13,67;12,36;12,385;10,295;9,535;35,435;38,14;41,08;5,814;-16,2011;14,9015;-19,5464;15,5669;0;2,73353;3,96583;6,38816;3,65463;1,730661384;1,666461384
01.06.2016 21:00;201606012030;201606012100;14,95;0;0;364,52;0,549;95,463;0;3,321;212,9;0,438744;96,77;5,64;0;1,35;0;387,55;428,882;13,625;12,35;12,465;10,3;9,53;35,345;38,28;41,08;5,472;39,8266;24,0804;-26,7939;14,3938;1;2,87107;4,19898;6,30439;3,43332;1,696515882;1,641615882
01.06.2016 21:30;201606012100;201606012130;14,7;0;0;349,02;0,468;95,487;0;3,475;215,77;0,3917;97,2;0;0;0;0;386,1;427,391;13,575;12,335;12,55;10,31;9,53;35,422;38,37;41,1;5,108;-9,38169;28,1914;-34,0989;14,6464;1;2,87107;4,20993;6,23612;3,36505;1,66941224;1,62261224
01.06.2016 22:00;201606012130;201606012200;14,47;0;0;318,16;0,467;95,499;0,1;3,057;222,27;0,36011;97,17;0;0;0;0;384,04;429,036;13,52;12,315;12,475;10,315;9,535;35,362;38,47;41,15;4,752;-21,9056;27,3335;-36,374;16,3181;1;3,1378;3,95228;6,17312;3,03532;1,64481406;1,59811406
01.06.2016 22:30;201606012200;201606012230;14,34;0;0;315,57;0,43;95,5;0;1,193;221,5;0,162379;97,37;0;0;0;0;383,25;433,224;13,455;12,29;12,475;10,325;9,54;35,377;38,54;41,15;4,344;34,7589;23,8779;-20,2868;16,737;1;3,38159;3,45488;6,13553;2,75394;1,631052269;1,588052269
01.06.2016 23:00;201606012230;201606012300;14,08;0;0;317,17;0,407;95,509;0;0,465;244,6;0,105163;97,47;0;0;0;0;381,1;435,929;13,39;12,265;12,44;10,33;9,545;35,468;38,58;41,15;3,93;33,3529;22,651;-7,88303;16,4097;1;3,31424;3,28373;6,06532;2,43078;1,603832269;1,563132269
01.06.2016 23:30;201606012300;201606012330;14,03;0;0;317,51;0,341;95,505;0;1,045;344,46;-9999;97,87;0;0;0;0;380,26;429,872;13,31;12,235;12,465;10,335;9,545;35,475;38,63;41,15;3,486;32,4443;23,4362;-2,14911;16,8396;1;3,3224;3,23511;6,04804;2,43656;1,59864373;1,56454373
02.06.2016 00:00;201606012330;201606020000;14,16;0;0;319,48;0,296;95,5;0;1,2;24,73;-9999;98,17;0;0;0;0;379,49;430,75;13,225;12,2;12,425;10,34;9,555;35,46;38,63;41,15;3,028;33,926;22,651;-10,3045;15,9406;1;3,50379;3,16592;6,07597;2,29288;1,612164758;1,582564758
02.06.2016 00:30;201606020000;201606020030;14,04;0;0;320,88;0,273;95,492;0;1,001;35,68;0,0666681;98,3;0;0;0;0;380,15;429,706;13,165;12,16;12,465;10,355;9,555;35,392;38,7;41,15;2,708;3,07425;55,2509;-20,9328;14,9521;1;3,50379;3,16592;6,04113;2,25804;1,599680254;1,572380254
02.06.2016 01:00;201606020030;201606020100;14,07;0;0;316,81;0,23;95,487;0;1,259;31,9;-9999;98,57;0;0;0;0;379,81;430,203;13,105;12,125;12,435;10,35;9,555;35,483;38,7;41,15;2,514;32,3499;23,4362;-21,2037;15,0046;1;2,99691;3,13485;6,04394;2,79049;1,602793377;1,579793377
02.06.2016 01:30;201606020100;201606020130;13,98;0;0;352,47;0,203;95,494;0;1,109;35,19;0,165889;98,73;0;0;0;0;380,72;430,905;13,05;12,095;12,43;10,355;9,56;35,547;38,7;41,15;2,382;-2,0576;129,127;-6,87835;18,3906;1;2,99691;3,13485;6,01669;2,76324;1,593469966;1,573169966
02.06.2016 02:00;201606020130;201606020200;13,93;0;0;376,44;0,138;95,497;0;1,01;12,14;0,0616914;99,13;0;0;0;0;382,3;431,477;13,02;12,06;12,405;10,365;9,565;35,432;38,7;41,15;2,374;1,88601;128,982;-21,6216;14,9521;1;2,99691;3,13485;5,9995;2,74605;1,588310944;1,574510944
02.06.2016 02:30;201606020200;201606020230;13,85;0;0;376,53;0,1;95,49;0;0,89;337,2;0,0957632;99,37;0;0;0;0;381,98;431,364;13;12,03;12,395;10,37;9,57;35,285;38,7;41,15;2,468;1,36254;126,829;-21,6216;14,9521;1;2,99691;3,13485;5,97483;2,72138;1,580087078;1,570087078
02.06.2016 03:00;201606020230;201606020300;13,82;0;0;374,16;0,074;95,473;0;0,246;286,93;0,176709;99,53;0;0;0;0;382,44;427,86;12,985;12,015;12,36;10,37;9,58;35,407;38,7;41,15;2,586;-0,779415;131,545;-13,731;14,9059;1;2,72791;3,21731;5,96268;2,97962;1,577012804;1,569612804
02.06.2016 03:30;201606020300;201606020330;13,79;0;0;378,72;0,063;95,476;0;0,757;269,1;0,114129;99,6;0;0;0;0;382,87;431,011;12,965;11,995;12,365;10,375;9,58;35,42;38,7;41,15;2,67;-0,172207;116,912;-4,03074;15,6617;1;2,72791;3,21731;5,95054;2,96748;1,573943794;1,567643794
02.06.2016 04:00;201606020330;201606020400;13,76;0;0;377,62;0,058;95,47;0;0,317;258,1;0,0532798;99,63;0;0;0;0;382,87;436,574;12,955;11,975;12,38;10,375;9,585;35,422;38,7;41,2;2,706;-0,246828;93,3666;-0,421352;16,8997;1;2,72791;3,21731;5,93841;2,95535;1,570880043;1,565080043
02.06.2016 04:30;201606020400;201606020430;13,76;11,1889;0;379,02;0,043;95,464;0;0,683;179,03;0,124093;99,73;1,03;0;0;0;382,98;436,442;12,935;11,96;12,38;10,385;9,585;35,375;38,7;41,23;2,712;0,624822;110,337;-5,45163;15,2669;0;2,72791;3,21731;5,93376;2,9507;1,570880043;1,566580043
02.06.2016 05:00;201606020430;201606020500;13,7;91,2585;0;379,36;0,031;95,476;0;0,701;3,81;0,242727;99,8;11,48;0;6,02;0;381,44;448,938;12,925;11,95;12,37;10,385;9,595;35,375;38,7;41,23;2,734;11,2126;120,138;23,7277;11,9711;0;2,72791;3,24182;5,9142;2,93114;1,564768281;1,561668281
02.06.2016 05:30;201606020500;201606020530;13,63;187,239;14,26;376,29;0,027;95,473;0;1,035;341,51;-9999;99,83;47,49;2;22,47;0;381,49;456,363;12,905;11,93;12,315;10,385;9,595;35,398;38,7;41,23;2,754;28,2439;22,9314;-20,0866;14,9162;0;2,65341;3,1518;5,8922;3,01661;1,557664353;1,554964353
02.06.2016 06:00;201606020530;201606020600;13,47;286,743;78,76;350,31;0,015;95,45;0;0,857;322,4;0,225727;99,9;176,08;11,76;83,53;15,01;380,68;451,104;12,895;11,92;12,325;10,395;9,595;35,365;38,7;41,23;2,798;30,9654;23,9409;11,854;14,9465;0;-7,28097;4,9639;5,84795;13,5558;1,541533296;1,540033296
02.06.2016 06:30;201606020600;201606020630;13,58;388,067;80,37;336,74;0,016;95,45;0;1,304;313,57;0,19892;99,9;201,72;10,36;79,06;11,54;381,19;438,276;12,885;11,9;12,265;10,395;9,6;35,407;38,7;41,23;2,818;12,7882;12,5563;7,83837;17,0837;0;-10,3441;5,13092;5,87057;18,3865;1,552607512;1,551007512
02.06.2016 07:00;201606020630;201606020700;13,54;489,478;77,63;370,55;0;95,466;0;1,605;356,38;0,127395;100;183,09;7,08;88,12;8,25;381;443,723;12,885;11,89;12,22;10,395;9,61;35,337;38,68;41,18;2,922;-27,2747;13,1934;28,1373;18,6023;0;-7,28097;4,9639;5,85605;13,5639;1,548572449;1,548572449
02.06.2016 07:30;201606020700;201606020730;13,52;589,241;132,93;370,65;0;95,48;0;0,733;8,58;0,224747;100;297,87;12,96;136,6;18,99;381,53;435,535;12,875;11,88;12,225;10,395;9,61;35,385;38,63;41,15;3,02;7,82147;22,5138;38,2018;10,7076;0;-3,78364;3,32408;5,8465;11,1949;1,546558382;1,546558382
02.06.2016 08:00;201606020730;201606020800;14,13;685,649;202,94;376,47;0;95,497;0;0,387;305,97;-9999;100;439,79;14,3;204,53;26,95;387,06;427,048;12,9;11,88;12,265;10,395;9,61;35,337;38,63;41,15;3,32;73,6817;35,0875;21,0608;28,1939;0;-9,60133;4,22853;5,99282;15,7602;1,609035621;1,609035621
02.06.2016 08:30;201606020800;201606020830;14,87;777,053;293,71;375,86;0;95,499;0;0,83;24,75;0,282431;100;618,7;18,37;280,93;36,68;391,04;425,68;12,94;11,875;12,29;10,395;9,62;35,337;38,63;41,15;3,754;203,667;62,2698;35,1221;49,5299;0;-18,0802;5,31945;6,17204;24,2522;1,687800913;1,687800913
02.06.2016 09:00;201606020830;201606020900;14,93;861,887;212,87;374,41;0,136;95,315;0;0,646;317,33;0,182637;99,2;463,92;13,63;219,7;26,7;390,83;421,285;12,99;11,89;12,325;10,395;9,62;35,365;38,63;41,15;3,658;88,5921;41,2441;67,1444;30,9184;0;-8,70164;6,38857;6,18211;12,7857;1,694333437;1,680733437
02.06.2016 09:30;201606020900;201606020930;16,26;938,701;463,26;355,11;1,202;95,499;0;0,861;273,37;0,173382;93,5;1007,36;29,59;405,93;66,98;400,88;415,014;13,05;11,905;12,3;10,395;9,625;35,422;38,63;41,15;4,67;95,1988;41,2075;68,0806;30,9184;0;-22,6061;5,77416;6,50999;29,1161;1,844963403;1,724763403
02.06.2016 10:00;201606020930;201606021000;16,88;1006,18;222,42;379,5;3,226;95,515;0;0,786;261,5;0,0784873;83,23;490,04;14,03;227,8;28,86;399,93;415,165;13,145;11,93;12,34;10,395;9,63;35,385;38,63;41,15;5,45;39,6996;24,0804;14,2621;17,7753;0;-12,5477;5,19335;6,66085;17,8936;1,91911645;1,59651645
02.06.2016 10:30;201606021000;201606021030;16,09;1063,17;115,67;376,27;1,701;95,516;0,1;1,012;256,33;0,20982;90,7;269,07;7,48;109,97;13,88;394,6;417,503;13,165;11,96;12,36;10,395;9,63;35,388;38,63;41,15;5,368;8,35389;12,8747;16,6836;18,7253;0;-0,47698;3,52799;6,45706;6,93404;1,825076274;1,654976274
02.06.2016 11:00;201606021030;201606021100;15,76;1108,7;76,42;381,51;0,985;95,521;0,7;1,289;298,4;-9999;94,5;187,9;5,14;72,97;8,46;392,68;422,615;13,165;11,97;12,28;10,4;9,635;35,333;38,56;41,15;5,118;28,9075;23,9409;38,4426;22,3975;0;-5,59496;4,81405;6,36939;11,9644;1,787009087;1,688509087
02.06.2016 11:30;201606021100;201606021130;15,23;1141,98;30,22;392,43;0,421;95,517;1,1;2,522;21,34;-9999;97,57;80,34;2,27;26,97;2,6;388,92;425,397;13,15;11,98;12,305;10,395;9,64;35,335;38,56;41,15;4,874;41,8989;29,842;-9,35554;14,9091;0;-6,6743;5,76206;6,23225;12,9065;1,727330775;1,685230775
02.06.2016 12:00;201606021130;201606021200;14,74;1162,45;26,29;388,83;0,19;95,514;2,3;2,365;14,01;-9999;98,87;70,31;2,81;22,59;2,37;386,87;428,914;13,14;11,985;12,26;10,395;9,645;35,312;40,57;41,18;5,034;21,0047;22,1654;9,83161;17,7753;0;-6,6743;5,62806;6,10573;12,78;1,673723057;1,654723057
02.06.2016 12:30;201606021200;201606021230;14,32;1169,76;67,85;390,76;0,131;95,509;0,9;1,913;353,97;0,318713;99,2;157,53;4,54;59,31;8,97;386,08;427,796;13,16;12;12,265;10,395;9,65;35,855;45,13;44,1;6,19;72,9254;45,0335;33,8643;22,1296;0;-7,70785;5,39762;5,99711;13,705;1,628944087;1,615844087
02.06.2016 13:00;201606021230;201606021300;14,51;1163,78;197,49;398,6;0,083;95,499;0;1,454;6,47;0,166639;99,5;425,09;11,76;179,3;29,98;388,99;425,79;13,205;12,025;12,29;10,4;9,655;37,78;44,72;45,9;6,35;29,855;24,1311;53,108;30,104;0;-8,1713;9,53035;6,03921;14,0906;1,649068958;1,640768958
02.06.2016 13:30;201606021300;201606021330;14,71;1144,61;148,14;401,39;0,062;95,512;0;0,986;358,26;0,240689;99,63;315,6;8,35;140,3;21,85;390,03;421,856;13,24;12,045;12,275;10,4;9,655;38,523;43,93;45,82;5,974;59,0661;49,2083;23,8964;18,7253;0;-7,38562;12,0903;6,08378;13,9831;1,670489028;1,664289028
02.06.2016 14:00;201606021330;201606021400;14,97;1112,59;141,85;402,72;0,034;95,52;0;1,203;346,48;0,175788;99,8;311,07;8,28;133,93;20,6;390,89;419,388;13,25;12,055;12,295;10,395;9,67;38,733;43,38;45,57;5,708;26,3245;22,2816;13,2099;18,0611;0;-3,78364;3,56225;6,14318;9,74648;1,698700799;1,695300799
02.06.2016 14:30;201606021400;201606021430;15,22;1068,25;247,79;408,55;0,04;95,523;0;0,914;354,8;0,29123;99,77;520,89;13,96;240,13;36,85;394,82;418,352;13,27;12,06;12,365;10,405;9,685;38,862;43,01;45,37;5,638;252,714;83,9587;98,2445;33,7191;0;-10,2387;5,68012;6,20012;14,9581;1,726221825;1,722221825
02.06.2016 15:00;201606021430;201606021500;16,02;1012,37;563,32;414,17;0,249;95,522;0;0,942;326,9;0,30133;98,63;1183,03;32,06;470,27;80,35;403,99;417,021;13,35;12,075;12,345;10,4;9,69;38,865;42,75;45,26;6,362;202,796;78,5969;154,295;47,9954;0;-22,9724;5,5302;6,39363;29,366;1,816942383;1,792042383
02.06.2016 15:30;201606021500;201606021530;16,61;945,89;649,32;349,57;1,859;95,529;0;1,238;12,83;0,238089;90,17;1368,18;37,81;284,53;83,84;406,86;415,542;13,485;12,115;12,325;10,395;9,685;38,862;42,55;45,12;7,484;243,266;80,3611;122,146;42,1456;0;-26,886;6,27816;6,53547;33,4215;1,886508166;1,700608166
02.06.2016 16:00;201606021530;201606021600;16,94;869,952;581,82;374,34;4,215;95,536;0;1,179;64,96;0,315529;78,17;1196,64;33,54;346,33;81,62;410,18;413,82;13,57;12,155;12,3;10,395;9,685;38,725;42,41;45,02;8,04;71,8998;49,528;90,3885;36,084;0;-23,1444;5,59952;6,6126;29,757;1,926429625;1,504929625
02.06.2016 16:30;201606021600;201606021630;17,29;785,857;328,2;379,57;4,211;95,524;0;1,446;124,13;0,284511;78,67;680,07;19,1;287,97;46,93;406,53;408,472;13,62;12,195;12,34;10,4;9,685;38,765;42,26;44,94;8,026;77,5758;49,6018;56,6397;30,6779;0;-19,0795;5,52734;6,69477;26,1051;1,969579846;1,548479846
02.06.2016 17:00;201606021630;201606021700;16,73;695,042;226,93;361,15;2,814;95,505;0;1,674;79,77;0,325386;85,23;480,21;13,69;185,2;33,54;398,52;407,664;13,625;12,22;12,295;10,4;9,685;38,648;42,13;44,85;7,662;184,663;51,6972;57,8135;19,8151;0;-10,5386;5,87096;6,5497;15,3715;1,900940129;1,619540129
02.06.2016 17:30;201606021700;201606021730;16,61;599,061;451,14;331,69;3,171;95,461;0;0,999;121,67;0,150814;83,23;886,19;27,19;140,63;62,4;403,44;411,768;13,61;12,245;12,305;10,405;9,69;38,547;41,95;44,77;7,28;64,3556;48,2526;39,8473;25,792;0;-20,7821;5,61572;6,5146;27,2967;1,886508166;1,569408166
02.06.2016 18:00;201606021730;201606021800;17,18;499,557;259,92;352,22;5,787;95,454;0;1,14;68,65;0,367699;70,48;531;15,76;191,23;35,56;403,79;410,678;13,615;12,255;12,31;10,41;9,69;38,61;41,88;44,69;7,1;67,1736;19,516;56,469;17,9674;0;-17,066;5,99909;6,65128;23,2031;1,955927768;1,377227768
02.06.2016 18:30;201606021800;201606021830;17,42;398,233;253,02;359,01;5,249;95,475;0;1,585;87,99;0,37167;73,63;501,1;14,9;185,9;35,21;404,81;406,612;13,6;12,265;12,39;10,415;9,695;38,572;41,73;44,63;6,858;72,1648;49,528;39,2944;24,4961;0;-14,5094;9,39052;6,70579;20,2925;1,985821982;1,460921982
02.06.2016 19:00;201606021830;201606021900;16,95;296,822;172,27;343,5;4,284;95,485;0;1,141;111,57;-9999;77,83;337,8;10,22;118,19;25,89;400,73;407,464;13,59;12,275;12,37;10,415;9,71;38,59;41,65;44,58;6,686;2,48723;17,6616;-3,16908;22,111;0;-9,09478;4,6866;6,5834;15,6782;1,927650865;1,499250865
02.06.2016 19:30;201606021900;201606021930;16,16;197,059;31,08;315,31;2,376;95,496;0;1,441;146,97;-9999;87,07;92,85;2,67;30,25;2,94;391,93;408,57;13,55;12,27;12,39;10,42;9,705;38,64;41,55;44,53;6,194;-1,396;9,5658;-2,82555;13,2806;0;-0,306587;3,58022;6,38234;6,68893;1,833242154;1,595642154
02.06.2016 20:00;201606021930;201606022000;15,61;100,651;25,6;311,26;1,65;95,504;0;1,513;140,2;0,0728685;90,7;80,96;2,4;29,07;2,02;388,46;410,67;13,49;12,265;12,36;10,425;9,715;38,498;41,45;44,5;5,478;-5,53931;5,51598;-12,3558;14,9091;0;-4,14455;4,4098;6,24162;10,3862;1,769937832;1,604937832
02.06.2016 20:30;201606022000;201606022030;15,49;16,1303;20;320,59;2,178;95,509;0;2,057;129,7;-9999;87,63;55,05;1,6;25,85;1,9;388,27;410,584;13,425;12,25;12,375;10,43;9,725;38,555;41,3;44,45;4,91;-10,1713;5,21105;-15,3369;14,9124;0;3,7779;3,20892;6,2071;2,4292;1,756384236;1,538584236
02.06.2016 21:00;201606022030;201606022100;15,66;0;0;312,56;2,586;95,523;0;2,28;110,73;0,115261;85,47;9,35;0;4,09;0;388,17;409,999;13,365;12,225;12,365;10,435;9,725;38,487;41,23;44,42;4,504;-12,402;13,8433;-6,33549;14,0125;1;3,79456;3,27925;6,24386;2,4493;1,775612249;1,517012249
02.06.2016 21:30;201606022100;201606022130;15,71;0;0;310,77;2,535;95,55;0;2,185;121,07;0,165731;85,8;0,41;0;0;0;388;409,826;13,295;12,205;12,43;10,435;9,725;38,422;41,2;44,34;4,056;-20,1944;28,5259;-19,0101;14,832;1;3,79456;3,29099;6,25112;2,45656;1,781302654;1,527802654
02.06.2016 22:00;201606022130;201606022200;15,39;0;0;314,2;1,387;95,563;0;2,202;113,23;-9999;92,07;0;0;0;0;386,41;411,967;13,245;12,175;12,415;10,445;9,75;38,472;41,13;44,34;3,698;-11,3521;30,4236;-16,8169;17,4681;1;3,3886;3,30274;6,16762;2,77902;1,745159373;1,606459373
02.06.2016 22:30;201606022200;201606022230;15,13;0;0;324,37;1,123;95,572;0;2,078;112,33;0,138396;93,47;0;0;0;0;386,11;414,733;13,2;12,155;12,425;10,445;9,74;38,46;41,08;44,34;3,528;-10,7039;32,3848;-14,9697;16,5533;1;3,61555;3,24791;6,09908;2,48353;1,716269419;1,603969419
02.06.2016 23:00;201606022230;201606022300;15;0;0;308,93;0,848;95,582;0;1,129;100,67;0,0976657;95,03;0;0;0;0;384,75;415,333;13,165;12,13;12,385;10,455;9,74;38,498;41;44,29;3,4;-1,62883;32,6732;-14,4287;14,9786;1;3,61555;3,24791;6,06245;2,4469;1,701982815;1,617182815
02.06.2016 23:30;201606022300;201606022330;14,88;0;0;309,31;0,706;95,57;0;1,402;114,67;-9999;95,83;0;0;0;0;384,23;416,511;13,12;12,105;12,385;10,455;9,74;38,492;40,93;44,26;3,222;-0,910104;31,4905;-1,00132;14,6022;1;3,61555;3,24791;6,02833;2,41278;1,688888126;1,618288126
03.06.2016 00:00;201606022330;201606030000;14,97;0;0;311,52;0,948;95,575;0;0,784;82,87;0,0602625;94,43;0;0;0;0;382,78;415,525;13,085;12,085;12,33;10,465;9,72;38,415;40,88;44,26;3,022;-5,87187;64,325;-1,0841;13,952;1;3,61555;3,24791;6,04535;2,4298;1,698700799;1,603900799
03.06.2016 00:30;201606030000;201606030030;14,55;0;0;327,57;0,641;95,572;0;1,063;334,03;-9999;96,13;0;0;0;0;381,31;418,644;13,035;12,06;12,28;10,465;9,72;38,373;40,83;44,26;2,828;31,9348;25,8895;3,2414;19,5287;1;3,59632;3,17225;5,93849;2,34217;1,653333536;1,589233536
03.06.2016 01:00;201606030030;201606030100;14,39;0;0;322,75;0,448;95,563;0;0,67;335,37;-9999;97,27;0;0;0;0;381,28;416,837;13,005;12,035;12,39;10,47;9,735;38,33;40,78;44,17;2,702;0,456352;111,606;-0,0985022;20,153;1;3,78309;3,16592;5,89496;2,11186;1,636333229;1,591533229
03.06.2016 01:30;201606030100;201606030130;14,39;0;0;307,91;0,382;95,564;0;0,914;29;0,0292676;97,67;0;0;0;0;381,13;416,023;12,965;12,015;12,39;10,47;9,75;38,405;40,71;44,17;2,606;-1,24734;133,263;-5,52645;19,1655;1;3,78309;3,16592;5,89018;2,10709;1,636333229;1,598133229
03.06.2016 02:00;201606030130;201606030200;14,5;0;0;307,77;0,5;95,563;0;1,018;29,56;0,133496;96,97;0;0;0;0;381,45;415,609;12,93;11,99;12,45;10,475;9,755;38,403;40,68;44,17;2,46;5,80701;142,875;-8,65931;19,2138;1;3,61148;3,24706;5,91198;2,3005;1,648004327;1,598004327
03.06.2016 02:30;201606030200;201606030230;14,82;0;0;310,88;0,669;95,556;0;1,246;0,2;0,0231404;96,03;0;0;0;0;381,93;416,487;12,9;11,97;12,455;10,475;9,76;38,367;40,63;44,17;2,378;0,569039;146,314;-1,69942;20,0635;1;3,61555;3,24791;5,98456;2,36901;1,682374075;1,615474075
03.06.2016 03:00;201606030230;201606030300;14,77;0;0;339,15;0,852;95,553;0;1,333;352,73;-9999;94,93;0;0;0;0;382,18;415,695;12,875;11,955;12,435;10,48;9,755;38,292;40,58;44,12;2,382;0,195476;147,562;-21,0834;15,0307;1;3,59632;3,17225;5,96761;2,37129;1,676962592;1,591762592
03.06.2016 03:30;201606030300;201606030330;14,79;0;0;351,97;1,106;95,527;0;1,413;352,23;0,0556064;93,43;0;0;0;0;382,96;414,997;12,86;11,93;12,385;10,48;9,77;38,352;40,56;44,09;2,446;32,928;24,3827;-2,75948;9,74971;1;3,59632;3,17225;5,96759;2,37127;1,679125345;1,568525345
03.06.2016 04:00;201606030330;201606030400;14,8;0;0;339,6;1,224;95,513;0;1,731;335,6;0,0379533;92,73;0;0;0;0;382,34;414,863;12,85;11,915;12,41;10,485;9,775;38,307;40,49;44,06;2,52;-0,670561;101,271;-2,39661;9,59086;1;3,59632;3,17225;5,96514;2,36883;1,680207642;1,557807642
03.06.2016 04:30;201606030400;201606030430;14,71;12,4428;0;334,76;1,222;95,511;0;1,746;327,93;-9999;92,7;2,68;0;0,74;0;381,36;417,669;12,84;11,9;12,39;10,49;9,775;38,362;40,49;43,98;2,558;-6,81765;114,809;-11,648;10,7061;0;3,59632;3,17225;5,93858;2,34226;1,670489028;1,548289028
03.06.2016 05:00;201606030430;201606030500;14,22;93,6076;1,1;324,15;1,46;95,521;0;1,808;338,8;0,10718;91;18,07;0;6,96;0;379,36;423,652;12,82;11,885;12,38;10,49;9,775;38,343;40,44;43,74;2,53;6,21738;122,943;-6,75058;11,4099;0;3,3704;3,15937;5,81591;2,21944;1,618439098;1,472439098
03.06.2016 05:30;201606030500;201606030530;14,17;189,475;19,48;337,65;2,285;95,519;0;1,885;332,5;0,105239;85,87;55,39;1,33;22,93;0,81;378,95;426,517;12,805;11,87;12,32;10,49;9,77;38,305;40,41;43,66;2,424;-0,669351;141,331;-4,65175;12,6988;0;3,27072;3,08603;5,79918;2,33918;1,613208992;1,384708992
03.06.2016 06:00;201606030530;201606030600;14,11;288,86;37,37;359,33;2,163;95,52;0;1,639;334,6;0,06963;86,57;90,04;2,13;40,16;3;379,77;427,031;12,775;11,86;12,325;10,49;9,78;38,367;40,39;43,61;2,344;32,7595;23,9409;-4,58099;8,69419;0;-2,66812;3,65711;5,78008;8,4482;1,606952501;1,390652501
03.06.2016 06:30;201606030600;201606030630;14,29;390,065;43,67;367,06;2,221;95,525;0,1;1,493;358,15;0,111927;86,37;107,7;2,81;48,53;3,29;381,58;426,377;12,77;11,845;12,305;10,485;9,785;38,105;40,34;43,61;2,384;3,93727;123,028;-9,08272;16,7945;0;-2,66812;3,62797;5,81845;8,48657;1,625786309;1,403686309
03.06.2016 07:00;201606030630;201606030700;14,28;491,356;79,45;375,44;1,612;95,536;0;1,424;336,27;0,139004;90,1;185,77;5,01;83,43;11,25;383,26;424,688;12,77;11,835;12,34;10,485;9,785;38,08;40,34;43,56;2,596;4,03287;14,9088;-3,07712;14,9032;0;-7,28097;4,80232;5,81129;13,5191;1,624734914;1,463534914
03.06.2016 07:30;201606030700;201606030730;14,12;591,001;50,71;373,3;0,978;95,536;0,2;1,384;323,93;0,142917;93,93;126,19;3,41;52,96;5,83;383,2;426,368;12,78;11,83;12,235;10,49;9,795;38,125;40,27;43,54;2,77;6,10448;127,348;-6,98974;22,897;0;-2,63158;3,52973;5,7683;8,39988;1,607993764;1,510193764
03.06.2016 08:00;201606030730;201606030800;14,2;687,295;44,04;377,83;0,919;95,56;1,8;1,513;6,36;0,23701;94,33;114,16;2,94;45,92;3,78;382,85;426,492;12,79;11,82;12,29;10,49;9,78;38,112;40,27;43,49;2,892;26,4957;216,547;-6,41604;15,3747;0;-4,14455;4,27706;5,78268;9,92722;1,616345268;1,524445268
03.06.2016 08:30;201606030800;201606030830;13,98;778,59;59,8;390,42;0,442;95,571;0,8;0,425;35,48;0,0926929;97,23;146,94;3,74;53,83;7,5;384,01;425,698;12,795;11,82;12,265;10,485;9,78;38,072;42,02;43,51;3,19;13,0289;170,672;4,28674;21,8152;0;-7,70785;5,00234;5,72549;13,4333;1,593469966;1,549269966
03.06.2016 09:00;201606030830;201606030900;14,37;863,324;172,96;399,71;0,306;95,553;0;1,672;334,68;0,270213;98,13;382,82;10,35;164,73;26,26;388,39;424,124;12,83;11,83;12,235;10,49;9,775;38,505;44,47;44,85;3,954;70,2193;50,8034;44,4375;27,6386;0;-6,36122;4,8055;5,81375;10,9701;1,634219043;1,603619043
03.06.2016 09:30;201606030900;201606030930;14,56;940,048;224,27;401,98;0,277;95,555;0;1,69;10,68;0,336447;98,33;472,3;14,23;224,7;35,9;389,05;425,864;12,89;11,84;12,175;10,485;9,785;38,792;43,72;45,04;4,282;37,1106;25,8895;43,1316;26,5406;0;-8,47633;4,91024;5,85433;14,2816;1,654401195;1,626701195
03.06.2016 10:00;201606030930;201606031000;14,73;1007,45;257,81;403,06;0,206;95,561;0;1,961;28,79;0,470182;98,77;543,99;15,23;253,87;40,37;390,88;426,325;12,95;11,85;12,255;10,485;9,785;38,947;43,33;44,99;4,69;149,819;53,8823;65,589;31,1456;0;-11,7668;7,04569;5,89012;17,6569;1,672644436;1,652044436
03.06.2016 10:30;201606031000;201606031030;15,35;1064,37;357,06;400,73;0,309;95,56;0;2,231;18,07;0,472316;98,23;751,48;21,24;353,87;56,42;395,91;425,698;13,025;11,87;12,27;10,485;9,79;39,032;43,06;44,96;5,342;158,57;48,0234;62,6383;38,0383;0;-21,359;5,67361;6,03368;27,3927;1,740687121;1,709787121
03.06.2016 11:00;201606031030;201606031100;15,77;1109,84;324,33;385,45;0,694;95,569;0;3,09;41,35;0,580703;96,13;692,78;18,64;307,23;48,34;395,64;424,828;13,12;11,895;12,245;10,485;9,795;39,05;42,83;44,91;6,024;78,7166;50,951;41,2379;26,8189;0;-23,3194;6,19464;6,12954;29,4489;1,7881523;1,7187523
03.06.2016 11:30;201606031100;201606031130;16,11;1143,09;320,55;382,22;1,013;95,574;0;3,232;40,55;0,65744;94,47;673,68;18,64;291,27;50,71;396,82;423,067;13,195;11,935;12,275;10,485;9,79;39,12;42,67;44,82;6,592;186,638;64,4264;80,3062;31,7086;0;-26,296;5,88212;6,20625;32,5022;1,827406114;1,726106114
03.06.2016 12:00;201606031130;201606031200;16,87;1163,53;536,39;373,35;2,601;95,582;0;4,386;51,27;0,787165;86,47;1127,97;32,06;423,5;86,29;402,93;418,98;13,29;11,975;12,245;10,48;9,79;39,042;42,52;44,79;7,228;145,696;55,8847;125,408;42,4378;0;-30,4163;6,33105;6,38441;36,8007;1,917899962;1,657799962
03.06.2016 12:30;201606031200;201606031230;18;1170,83;802,25;363,55;5,135;95,58;0;4,128;49,96;0,904015;75,13;1693,13;47,5;445,8;126,67;413,85;413,94;13,46;12,025;12,255;10,475;9,795;39,01;42,39;44,74;8,654;224,995;76,8109;230,228;55,9551;0;-27,0083;6,32081;6,65297;33,6613;2,05972908;1,54622908
03.06.2016 13:00;201606031230;201606031300;18,76;1164,86;820,2;358,57;6,678;95,567;0;4,537;42,63;0,854629;69,16;1742,27;48,56;374,77;126,98;418,83;413,305;13,66;12,09;12,195;10,47;9,82;38,983;42,21;44,66;10,164;115,491;35,8986;159,354;49,401;0;-22,1314;5,65004;6,83242;28,9638;2,160222855;1,492422855
03.06.2016 13:30;201606031300;201606031330;18,65;1145,71;466,78;369,22;7,464;95,572;0;3,936;50,63;0,769639;65,29;956,02;26,45;366,97;72,29;412,71;406,936;13,825;12,17;12,2;10,47;9,825;38,913;42,03;44,61;11,026;82,9439;67,2642;33,3696;88,6997;0;-24,4091;4,55382;6,79998;31,2091;2,145416481;1,399016481
03.06.2016 14:00;201606031330;201606031400;18,63;1113,73;391,37;372,65;7,554;95,553;0;3,865;72,09;0,744663;64,83;805,71;22,51;347,17;62,71;412,73;403,323;13,87;12,235;12,205;10,47;9,81;38,865;41,85;44,55;10,448;160,367;63,4571;132,193;47,6708;0;-26,744;7,1699;6,78949;33,5335;2,142734005;1,387334005
03.06.2016 14:30;201606031400;201606031430;19,2;1069,45;583,84;364,15;8,397;95,531;0;2,649;76,2;0,820546;62,27;1223,85;33,27;466,7;89,41;418,7;401,794;13,94;12,29;12,235;10,47;9,81;38,865;41,7;44,47;10,638;181,793;37,1897;180,771;49,6679;0;-27,7906;6,81226;6,9226;34,7132;2,220349163;1,380649163
03.06.2016 15:00;201606031430;201606031500;19,87;1013,63;684,47;367,49;9,093;95,518;0;2,263;65,16;0,600267;60,81;1430,45;39,15;443,47;101,67;422,99;402,411;14,055;12,35;12,29;10,475;9,82;38,803;41,53;44,42;11,244;69,6481;50,8034;61,0446;31,1116;0;-5,49537;4,75526;7,08026;12,5756;2,314726447;1,405426447
03.06.2016 15:30;201606031500;201606031530;18,89;947,227;148,08;383,99;6,896;95,514;0;2,189;66,9;0,370954;68,41;300,35;8,62;148,9;26,2;407,68;400,279;14,09;12,405;12,325;10,475;9,82;38,74;41,33;44,34;10,742;97,0777;49,8117;33,1959;21,736;0;-6,73064;10,8112;6,83576;13,5664;2,177836876;1,488236876
03.06.2016 16:00;201606031530;201606031600;19;871,38;342,68;375,24;6,715;95,494;0,1;2,925;81,73;0,482059;69,45;698,21;19,91;233,77;55,38;414,43;400,953;14,045;12,44;12,36;10,48;9,815;38,685;41,18;44,34;9,722;51,6038;43,3121;79,0766;34,0139;0;-19,1768;10,094;6,8568;26,3464;2,192839377;1,521339377
03.06.2016 16:30;201606031600;201606031630;18,12;787,384;101,04;382,81;5,327;95,511;0,1;3,345;83,13;0,608105;74,39;219,04;5,88;98,9;17,98;403,94;405,852;14,03;12,46;12,38;10,48;9,815;38,693;41,1;44,26;9,218;24,8421;20,1584;-17,5824;14,9059;0;-4,95458;5,02258;6,638;11,5926;2,075318244;1,542618244
03.06.2016 17:00;201606031630;201606031700;16,88;696,676;146,205;380,85;4,54;95,506;0;4,264;68,17;0,779779;76,4;-9999;15,57;218,87;49,44;400,47;406,215;13,98;12,47;12,385;10,49;9,82;38,737;41;44,15;8,498;-34,6014;30,9588;80,8874;34,0526;0;-16,5035;5,14309;6,33414;22,8376;1,91911645;1,46511645
03.06.2016 17:30;201606031700;201606031730;16,15;600,809;75,79;372,33;3,502;95,524;0;3,558;107,13;-9999;80,93;156,01;4,21;72,76;13,65;394,23;411,623;13,95;12,48;12,41;10,49;9,825;38,615;40,93;44,01;7,97;24,4369;22,0491;-22,5251;12,884;0;-2,90333;3,30541;6,15439;9,05772;1,832073637;1,481873637
03.06.2016 18:00;201606031730;201606031800;16,09;501,423;65,31;374,66;3,933;95,512;0;3;108,1;0,468858;78,5;132,37;3,74;60,51;12,9;395,88;411,587;13,86;12,47;12,425;10,495;9,835;38,6;40,85;43,96;6,806;1,63461;13,1638;-16,337;18,8956;0;-2,90333;3,28181;6,13498;9,03831;1,825076274;1,431776274
03.06.2016 18:30;201606031800;201606031830;16,99;400,219;208,14;341,26;4,571;95,502;0;3,215;93,93;0,590045;76,4;408,18;12,16;138,87;35,06;401,55;406,475;13,79;12,46;12,395;10,495;9,835;38,635;40,8;43,93;6,32;38,4913;21,9318;42,428;27,9879;0;-1,72634;4,1941;6,34464;8,07098;1,932542631;1,475442631
03.06.2016 19:00;201606031830;201606031900;17,63;298,927;173,3;368,43;5,238;95,516;0;3,66;77,9;0,687761;74,03;339,45;9,82;151,9;29,67;404,39;406,924;13,78;12,445;12,46;10,5;9,84;38,578;40,73;43,88;6,38;38,6491;23,197;14,7682;13,0095;0;-11,6662;5,73597;6,49266;18,1589;2,012307876;1,488507876
03.06.2016 19:30;201606031900;201606031930;17,08;199,282;75,09;381;3,877;95,552;0,3;3,873;74,5;0,753783;80,1;148,18;4,08;80,06;13,68;400,25;412,798;13,785;12,445;12,475;10,505;9,835;38,55;40,71;43,85;6,564;43,4864;16,5588;-56,2338;17,0731;0;0,10332;2,66582;6,35556;6,25224;1,943588999;1,555888999
03.06.2016 20:00;201606031930;201606032000;15,66;102,989;30,27;371,88;3,376;95,541;0;3,632;74,75;0,576793;81,03;53,88;1,47;29,28;8,6;390,21;417,018;13,76;12,445;12,485;10,51;9,84;38,502;40,63;43,8;6,316;-13,6577;7,54344;-48,7213;13,8577;0;1,90833;2,80803;6,01261;4,10428;1,775612249;1,438012249
03.06.2016 20:30;201606032000;201606032030;15,42;17,6241;9,03;370,94;3,388;95,53;0;3,098;77,63;0,430832;80,67;14,98;0;7,81;4,18;390,19;419,109;13,68;12,43;12,525;10,52;9,85;38,455;40,56;43,77;5,464;-10,6205;14,12;-30,7557;14,6411;0;6,52097;2,6611;5,95088;-0,57009;1,748520189;1,409720189
03.06.2016 21:00;201606032030;201606032100;15,17;0;1,21;347,01;2,868;95,542;0;1,861;62,85;0,182615;83,37;6,46;0;3,12;0,61;387,7;422,014;13,605;12,415;12,5;10,52;9,85;38,483;40,54;43,77;4,836;35,3285;27,025;-11,8816;13,2736;1;3,61555;3,24791;5,88699;2,27144;1,720686463;1,433886463
03.06.2016 21:30;201606032100;201606032130;14,76;0;0;338,86;1,769;95,552;0;2,2;29,93;0,263531;89,47;0,34;0;0;0;383,45;424,502;13,525;12,39;12,48;10,53;9,855;38,568;40,49;43,77;4,284;-8,32842;25,5085;-24,9489;13,5691;1;3,59632;3,17225;5,78575;2,18943;1,675882135;1,498982135
03.06.2016 22:00;201606032130;201606032200;14,67;0;0;326,65;1,508;95,563;0;2,345;45,81;0,293712;90,97;0;0;0;0;382,75;428,086;13,455;12,36;12,535;10,535;9,86;38,487;40,44;43,74;3,836;-13,0664;25,9421;-36,0029;15,7162;1;3,59632;3,17225;5,75982;2,1635;1,66618554;1,51538554
03.06.2016 22:30;201606032200;201606032230;14,54;0;0;320,77;1,292;95,58;0;1,935;60,56;0,208119;92,2;0;0;0;0;382,53;429,501;13,39;12,325;12,535;10,545;9,86;38,585;40,41;43,69;3,502;-7,49425;28,5952;-23,7009;15,8819;1;3,59632;3,17225;5,72458;2,12826;1,652266483;1,523066483
03.06.2016 23:00;201606032230;201606032300;14,52;0;0;324,39;1,196;95,584;0,1;1,871;79,72;0,186849;92,77;0;0;0;0;382,57;430,347;13,335;12,295;12,52;10,55;9,865;38,343;40,39;43,69;3,23;-3,8347;29,5205;-20,2999;15,4062;1;3,59632;3,17225;5,71511;2,11879;1,650134194;1,530534194
03.06.2016 23:30;201606032300;201606032330;14,4;0;0;307,46;1,186;95,584;0;2,038;95,03;0,234681;92,77;0;0;0;0;380,88;432,922;13,29;12,27;12,5;10,555;9,865;38,385;40,34;43,66;3,034;-5,78033;29,8431;-33,0778;16,9667;1;3,75489;3,13121;5,68232;1,92743;1,637391225;1,518791225
04.06.2016 00:00;201606032330;201606040000;14,31;0;0;315,53;1,077;95,583;0;2,19;81,1;0,272345;93,4;0;0;0;0;381,16;434,716;13,23;12,24;12,515;10,555;9,86;38,43;40,34;43,61;2,8;-3,9006;56,3282;-27,6592;17,0013;1;3,59647;3,16425;5,65659;2,06012;1,627890895;1,520190895
04.06.2016 00:30;201606040000;201606040030;14,18;0;0;321,38;1,014;95,578;0;2,444;68,66;0,286144;93,73;0;0;0;0;380,37;435,77;13,18;12,21;12,525;10,565;9,875;38,44;40,34;43,61;2,612;-5,45028;55,4637;-34,6099;22,7815;1;3,3704;3,17166;5,62161;2,02514;1,614253822;1,512853822
04.06.2016 01:00;201606040030;201606040100;14,07;0;0;308,7;1,001;95,581;0;2,176;70,05;0,267552;93,77;0;0;0;0;379,76;435,899;13,14;12,18;12,53;10,575;9,88;38,425;40,27;43,61;2,454;-8,04682;102,657;-30,4248;21,1898;1;3,43542;3,1591;5,59136;1,94138;1,602793377;1,502693377
04.06.2016 01:30;201606040100;201606040130;14,1;0;0;330,89;1,099;95,581;0;1,885;76,63;0,244756;93,17;0;0;0;0;380,22;435,721;13,095;12,155;12,46;10,575;9,88;38,405;40,27;43,54;2,354;-11,2352;130,881;-32,4361;20,2078;1;3,43542;3,1591;5,59359;1,94362;1,605911831;1,496011831
04.06.2016 02:00;201606040130;201606040200;14,24;0;0;353,52;1,218;95,592;0;1,687;79,65;0,142064;92,5;0;0;0;0;381,63;436,06;13,065;12,13;12,385;10,585;9,885;38,472;40,27;43,49;2,294;-4,90392;140,081;-11,5884;19,4589;1;3,59647;3,16913;5,62131;2,02484;1,620535314;1,498735314
04.06.2016 02:30;201606040200;201606040230;14,27;0;0;356,53;1,248;95,592;0;1,909;67,44;0,0974501;92,33;0;0;0;0;381,89;434,611;13,04;12,105;12,45;10,585;9,89;38,4;40,27;43,46;2,306;-3,23596;142,762;-4,14673;19,6933;1;3,59647;3,16913;5,62351;2,02704;1,623684117;1,498884117
04.06.2016 03:00;201606040230;201606040300;14,4;0;0;356,14;1,482;95,596;0;1,069;47,72;0,0724775;90,97;0;0;0;0;381,71;439,239;13,015;12,085;12,47;10,59;9,885;38,307;40,19;43,46;2,296;35,7655;26,596;-5,63223;9,52126;1;3,75489;3,15573;5,64887;1,89398;1,637391225;1,489191225
04.06.2016 03:30;201606040300;201606040330;14,09;0;0;363,08;1,308;95,586;0;1,618;17,85;-9999;91,87;0;0;0;0;380,54;436,898;12,99;12,065;12,365;10,595;9,895;38,292;40,19;43,43;2,296;-6,318;121,076;-22,0459;15,0307;1;3,64998;3,14439;5,5724;1,92242;1,604871754;1,474071754
04.06.2016 04:00;201606040330;201606040400;14,23;0;0;347,34;1,574;95,594;0;1,778;53,28;-9999;90,3;0;0;0;0;380,74;435,94;12,97;12,04;12,325;10,595;9,9;38,35;40,19;43,38;2,302;-2,26309;97,225;-21,4597;14,9255;1;3,59647;3,16913;5,60001;2,00354;1,619486908;1,462086908
04.06.2016 04:30;201606040400;201606040430;14,35;13,6912;0;310,61;1,832;95,594;0;2,009;64,61;0,0948776;88,8;4,06;0;0,99;0;379,13;435,006;12,94;12,03;12,32;10,595;9,91;38,377;40,14;43,38;2,194;-2,69051;108,013;-8,5459;11,8476;0;3,75489;3,15573;5,62298;1,86809;1,63210726;1,44890726
04.06.2016 05:00;201606040430;201606040500;14,34;95,8324;12,06;315,51;1,798;95,601;0;1,955;72,46;-9999;89;33,81;1;15,48;3,87;379,81;436,145;12,905;12,01;12,4;10,6;9,91;38,44;40,1;43,38;1,98;-6,42577;112,695;-20,433;10,5986;0;3,58604;3,0862;5,6159;2,02986;1,631052269;1,451252269
04.06.2016 05:30;201606040500;201606040530;14,29;191,591;59,59;322,72;1,634;95,612;0;1,316;46,99;0,200111;89,97;113,61;4,74;46,78;19,28;381,02;438,693;12,875;11,985;12,37;10,605;9,91;38,367;40,05;43,35;1,952;21,0856;22,1654;-1,39996;13,0993;0;-7,70785;4,76727;5,5996;13,3074;1,625786309;1,462386309
04.06.2016 06:00;201606040530;201606040600;14,63;290,864;113,25;338,07;1,861;95,622;0;1,02;29,21;0,246364;88,83;215,74;8,95;79,7;28,98;384,88;435,663;12,87;11,965;12,38;10,61;9,9;38,413;40,05;43,3;2,158;36,798;26,596;8,76274;17,4654;0;1,76182;4,80668;5,67326;3,91145;1,661891808;1,475791808
04.06.2016 06:30;201606040600;201606040630;14,7;391,954;101,42;348,11;1,757;95,627;0;1,174;58,69;0,293318;89,5;223,92;6,68;115,5;12,78;385,81;433,82;12,885;11,955;12,38;10,61;9,91;38,34;40,05;43,3;2,482;20,3903;20,1584;21,5505;16,0332;0;1,76182;4,62535;5,6846;3,92278;1,66941224;1,49371224
04.06.2016 07:00;201606040630;201606040700;14,8;493,13;146,12;350,98;1,448;95,636;0;2,006;81,5;0,282583;91,4;310,72;9,29;155,6;21,62;388,53;430,901;12,915;11,95;12,415;10,61;9,9;38,37;39,98;43,3;2,812;5,71034;20,264;25,8505;18,233;0;-6,63112;7,90827;5,70284;12,2082;1,680207642;1,535407642
04.06.2016 07:30;201606040700;201606040730;15,36;592,662;238,24;343,49;1,786;95,654;0;1,658;82,87;0,44412;89,77;489,76;15,9;222,77;40,89;392,38;426,817;12,955;11,95;12,36;10,605;9,9;38,392;39,98;43,27;3,306;52,8718;19,8789;88,048;34,0139;0;-9,94075;4,12475;5,82743;12,7075;1,741804238;1,563204238
04.06.2016 08:00;201606040730;201606040800;16;688,847;279,97;349,19;2,51;95,674;0;1,813;65,99;0,438095;86,2;580,34;18,24;275,67;45,57;395,48;427,181;13,02;11,955;12,34;10,605;9,9;38,29;39,98;43,27;3,95;99,3592;60,1349;114,834;28,7629;0;-19,5301;5,53622;5,9709;25,501;1,814624276;1,563624276
04.06.2016 08:30;201606040800;201606040830;16,62;780,038;429,7;356,13;3,273;95,693;0;2,04;65,68;0,539468;82,7;876,43;27,92;367,1;73,97;403,17;424,118;13,11;11,98;12,36;10,605;9,905;38,278;39,93;43,22;4,714;126,217;31,1583;129,737;49,4773;0;-12,9974;7,95437;6,1101;19,1075;1,887707141;1,560407141
04.06.2016 09:00;201606040830;201606040900;17,17;864,676;414,43;357,02;4,257;95,723;0;2,566;85,03;0,413705;78,27;846,12;25,98;399,97;69,81;405,01;420,541;13,225;12,01;12,33;10,6;9,91;38,265;39,9;43,17;5,688;71,5411;32,0149;110,577;40,4631;0;-21,3313;6,44098;6,23324;27,9305;1,954690802;1,528990802
04.06.2016 09:30;201606040900;201606040930;17,37;941,313;452,84;359,77;4,703;95,738;0;2,576;83,87;0,672935;76,3;929,01;27,86;428,1;76,45;407,33;418,768;13,335;12,05;12,37;10,6;9,915;38,215;39,85;43,14;6,522;168,311;64,4264;200,272;49,1049;0;-21,1067;5,99197;6,27466;27,3814;1,979561136;1,509261136
04.06.2016 10:00;201606040930;201606041000;17,75;1008,64;526,49;360,13;5,095;95,75;0;3,024;78,1;0,656976;74,93;1083,92;31,93;446,33;86,96;410,11;416,88;13,46;12,095;12,38;10,595;9,925;38,06;39,81;43,06;7,336;167,23;65,5072;216,172;53,0472;0;-29,1317;6,3413;6,35816;35,4899;2,027581551;1,518081551
04.06.2016 10:30;201606041000;201606041030;17,91;1065,49;530,1;363,84;5,42;95,764;0;3,278;68,22;0,634539;73,6;1100,41;32,2;436,53;86,95;410,71;414,565;13,585;12,145;12,38;10,595;9,94;38,035;39,76;43,03;8,084;115,357;49,8117;97,3453;103,828;0;-20,1487;5,59012;6,39016;26,5389;2,048104781;1,506104781
04.06.2016 11:00;201606041030;201606041100;17,94;1110,92;270,04;375,17;5,621;95,773;0;2,059;87,8;0,479462;72,67;544,88;15,83;242,53;44,36;407,61;411,428;13,675;12,2;12,36;10,595;9,935;37,917;39,71;42,98;8,478;24,1957;23,2461;52,046;30,2994;0;-9,17892;3,72545;6,39171;15,5706;2,05197313;1,48987313
04.06.2016 11:30;201606041100;201606041130;18,02;1144,12;260,15;378,82;5,726;95,772;0;2,805;88,9;0,546722;72,3;533,54;15,16;241,33;44,82;409,41;411,821;13,68;12,245;12,32;10,595;9,93;37,888;39,64;42,91;7,962;72,1145;50,8772;104,861;38,9878;0;-22,7576;5,90757;6,40493;29,1625;2,062320111;1,489720111
04.06.2016 12:00;201606041130;201606041200;18,72;1164,54;478,27;381,42;6,495;95,777;0;2,397;88,93;0,668318;69,93;989,69;28,19;437,33;80,12;415,76;411,75;13,755;12,28;12,395;10,595;9,935;37,96;39,57;42,83;8,33;157,597;58,5765;129,838;91,4927;0;-12,9152;7,53486;6,5633;19,4785;2,154828374;1,505328374
04.06.2016 12:30;201606041200;201606041230;18,84;1171,84;410,36;375,99;6,881;95,786;0;2,709;94,47;0,554647;68,38;849,35;23,51;403,47;66,81;414,43;409,849;13,865;12,32;12,355;10,595;9,94;37,807;39,49;42,8;8,994;140,448;52,3853;135,152;25,6806;0;-30,8684;6,44523;6,58578;37,4542;2,171047391;1,482947391
04.06.2016 13:00;201606041230;201606041300;19,13;1165,87;507,85;380,33;6,938;95,783;0;3,421;94,93;0,701291;68,69;1045,23;29,99;483,77;83;418,34;407,105;13,96;12,375;12,4;10,595;9,935;37,715;39,49;42,75;9,428;211,767;44,9949;158,896;66,1401;0;-32,5465;6,32081;6,64809;39,1946;2,210686484;1,516886484
04.06.2016 13:30;201606041300;201606041330;19,46;1146,75;493,36;378,43;7,804;95,776;0;2,159;80,13;0,569732;65,5;1025,5;28,72;463,3;79,54;418,89;406,376;14,07;12,425;12,41;10,59;9,935;37,718;39,4;42,7;10,044;106,781;62,4004;121,337;93,4899;0;-21,8846;6,25467;6,71976;28,6044;2,256564391;1,476164391
04.06.2016 14:00;201606041330;201606041400;19,55;1114,8;375,9;376,08;7,606;95,772;0;2,327;70,38;0,645745;66,56;778,22;22,24;357,83;60,32;418,22;405,829;14,155;12,48;12,415;10,595;9,93;37,58;39,33;42,65;10,348;216,032;59,4404;155,763;48,0544;0;-21,5004;8,4683;6,73508;28,2355;2,269220631;1,508620631
04.06.2016 14:30;201606041400;201606041430;19,62;1070,57;438,76;384,55;7,667;95,774;0;3,289;47,43;0,486764;66,44;903,85;26,25;390,97;71,2;418,84;408,151;14,215;12,535;12,47;10,595;9,935;37,55;39,28;42,6;10,41;55,4077;68,0936;82,6522;97,1122;0;-24,8725;6,86325;6,74568;31,6182;2,279107389;1,512407389
04.06.2016 15:00;201606041430;201606041500;18,71;1014,81;420,49;358,88;6,605;95,772;0;3,737;49;0,715775;69,4;865,85;24,65;234,97;68,31;413,83;407,731;14,24;12,58;12,475;10,595;9,94;37,535;39,24;42,6;10,164;116,247;57,5008;175,076;46,2791;0;-19,611;6,25467;6,52713;26,1381;2,153481603;1,492981603
04.06.2016 15:30;201606041500;201606041530;19,73;948,485;689,47;341,63;8,954;95,745;0;2,694;47,72;0,577005;61,07;1419,59;39,35;198,5;104,41;422,12;407,739;14,3;12,615;12,505;10,6;9,94;37,392;39,19;42,55;10,376;96,3563;54,7949;53,8935;30,4552;0;-6,46651;4,13643;6,7598;13,2263;2,294720086;1,399320086
04.06.2016 16:00;201606041530;201606041600;19,51;872,723;230,59;335,46;9,316;95,741;0;2,302;59,39;0,57111;58,94;482,41;13,83;157,2;36,19;414,25;403,92;14,32;12,655;12,525;10,6;9,94;37,388;39,12;42,52;10,236;84,0032;56,3228;102,686;40,0016;0;-14,7407;6,08764;6,70251;21,4432;2,263587967;1,331987967
04.06.2016 16:30;201606041600;201606041630;20,46;788,822;566,38;345,37;9,96;95,732;0;3,114;63,81;0,649882;58,61;1137,94;33,33;208,8;85,92;425,77;401,657;14,34;12,685;12,515;10,6;9,94;37,335;39,07;42,52;9,892;131,549;55,8847;149,712;49,4391;0;-17,831;5,5302;6,919;24,75;2,400730071;1,404730071
04.06.2016 17:00;201606041630;201606041700;20,98;698,217;586,32;351,71;10,609;95,725;0;2,492;67,16;0,553768;57,3;1139,45;34,27;252,8;91,92;426,57;400,293;14,4;12,72;12,535;10,605;9,945;37,267;39,03;42,44;10,162;117,286;54,3841;91,2459;39,3058;0;-4,39614;5,23725;7,03493;11,4311;2,478840183;1,417940183
04.06.2016 17:30;201606041700;201606041730;20,99;602,459;325,2;356,74;10,715;95,718;0;2,067;70,33;0,504698;56,9;655,74;19,04;261,53;51,6;423,78;399,19;14,445;12,755;12,575;10,61;9,95;37,157;38,98;42,41;10,302;28,4806;24,036;40,9706;26,8189;0;-23,2099;6,8181;7,03118;30,2411;2,480363881;1,408863881
04.06.2016 18:00;201606041730;201606041800;20,48;503,186;121,53;373,49;9,404;95,739;0;2,635;106;0,470924;60,97;250,58;7,28;121,33;21,24;419,3;401,722;14,445;12,785;12,58;10,62;9,95;37,047;38,93;42,36;9,924;34,8663;11,6741;-8,46363;15,162;0;-6,94516;5,31641;6,90571;13,8509;2,403693906;1,463293906
04.06.2016 18:30;201606041800;201606041830;19,62;402,096;83,09;370,15;7,767;95,737;0;1,617;131,1;0,272307;66;176,43;4,81;84,77;15,27;414,19;407,95;14,415;12,8;12,6;10,62;9,95;37,047;38,91;42,36;9,254;12,286;10,1591;-15,7787;14,9177;0;-3,34591;3,61881;6,69912;10,045;2,279107389;1,502407389
04.06.2016 19:00;201606041830;201606041900;18,53;300,92;75,33;360,87;6,226;95,729;0;1,181;168,07;0,163611;70,83;159,52;4,34;78,1;13,56;408,64;409,454;14,375;12,81;12,635;10,625;9,955;37;38,89;42,36;8,724;9,67596;11,975;-12,6887;16,632;0;-0,471714;4,09347;6,44036;6,91207;2,129365742;1,506765742
04.06.2016 19:30;201606041900;201606041930;18,35;201,387;49,87;364,57;6,272;95,739;0;1,565;158,83;-9999;70,28;104,12;2,81;51,28;9,64;407,51;409,619;14,325;12,815;12,67;10,635;9,955;37,068;38,84;42,29;8,172;11,5517;10,4412;-13,2638;14,7931;0;3,1095;3,00377;6,39315;3,28365;2,105487286;1,478287286
04.06.2016 20:00;201606041930;201606042000;18,58;105,203;26,76;372,4;6,873;95,759;0;1,934;140,8;0,133509;67,9;55,6;1,53;28,24;6,06;407,92;410,283;14,275;12,81;12,68;10,645;9,965;36,972;38,84;42,29;7,63;1,90943;13,6113;-10,7418;14,77;0;4,8107;3,36703;6,44071;1,63001;2,136040693;1,448740693
04.06.2016 20:30;201606042000;201606042030;18,99;19,0997;21,01;371,37;8,187;95,785;0;1,977;123,47;0,156656;62,73;34,02;1;21,33;7,01;408,88;410,849;14,23;12,8;12,68;10,65;9,965;36,91;38,84;42,29;7,194;4,13162;5,99251;-15,808;15,0439;0;-2,66812;6,29343;6,52987;9,19799;2,191471775;1,372771775
04.06.2016 21:00;201606042030;201606042100;19,11;0;2,37;370,01;8,744;95,82;0;1,78;85,69;0,127722;60,49;8,11;0;5,8;0,89;408,04;411,077;14,19;12,795;12,7;10,655;9,965;36,945;38,84;42,29;6,816;1,71586;9,56165;-6,65998;16,3384;1;6,46516;3,3817;6,55193;0,0867672;2,207932506;1,333532506
04.06.2016 21:30;201606042100;201606042130;18,86;0;0;362,1;8,265;95,861;0;0,967;34,11;0,0782072;62,07;0,34;0;0;0;404,84;410,918;14,14;12,78;12,735;10,665;9,97;36,905;38,82;42,29;6,462;-1,37326;13,6867;1,79319;16,1069;1;6,46516;3,3817;6,48847;0,0233116;2,173760952;1,347260952
04.06.2016 22:00;201606042130;201606042200;18,5;0;0;331,22;7,164;95,885;0;0,37;329,9;0,14148;66,37;0;0;0;0;400,68;409,951;14,085;12,77;12,765;10,67;9,975;36,91;38,77;42,29;6,052;-1,69133;13,6867;-18,3119;14,9216;1;6,65492;3,17228;6,39985;-0,255071;2,125369567;1,408969567
04.06.2016 22:30;201606042200;201606042230;17,97;0;0;333,83;6,798;95,891;0;0,271;295,63;0,102672;67,01;0;0;0;0;399,92;410,044;14,025;12,75;12,775;10,68;9,975;36,86;38,77;42,29;5,574;-3,5635;9,16608;-17,707;14,9143;1;6,65492;3,25521;6,27251;-0,382411;2,055847893;1,376047893
04.06.2016 23:00;201606042230;201606042300;18,31;0;0;333,06;7,379;95,901;0;1,193;296,43;-9999;64,95;0;0;0;0;400,94;409,448;13,96;12,73;12,71;10,69;9,98;36,85;38,77;42,29;5,22;-1,52341;13,6867;-18,5667;15,0307;1;6,65492;3,21626;6,34502;-0,309902;2,100213003;1,362313003
04.06.2016 23:30;201606042300;201606042330;18,47;0;0;321,65;7,376;95,912;0;1,56;324,6;0,0674693;65,31;0;0;0;0;399,19;407,795;13,915;12,705;12,695;10,7;9,98;36,852;38,77;42,24;4,926;-5,9812;7,85178;0,435786;13,37;1;6,65492;3,21626;6,37618;-0,278743;2,121379977;1,383779977
05.06.2016 00:00;201606042330;201606050000;18,2;0;0;320,71;6,661;95,91;0;1,036;322,03;-9999;68,14;0;0;0;0;397,4;407,138;13,87;12,685;12,695;10,7;9,99;36,873;38,77;42,21;4,772;-1,99538;13,6867;-18,5059;14,9786;1;6,65492;3,1851;6,3087;-0,34622;2,085768487;1,419668487
05.06.2016 00:30;201606050000;201606050030;18,07;0;0;321,26;6,559;95,906;0;1,033;328,77;0,095226;68,37;0;0;0;0;397,76;407,673;13,825;12,66;12,695;10,71;9,99;36,875;38,77;42,21;4,536;-2,17467;13,6867;-4,53232;7,19603;1;6,65492;3,1851;6,27342;-0,381496;2,068810214;1,412910214
05.06.2016 01:00;201606050030;201606050100;18,36;0;0;323,35;7,26;95,907;0;1,786;342,07;-9999;65,62;0;0;0;0;399,22;408,465;13,79;12,64;12,695;10,72;9,99;36,865;38,72;42,21;4,39;1,89589;22,984;-0,987036;7,56702;1;6,65492;3,2289;6,33423;-0,320686;2,106807673;1,380807673
05.06.2016 01:30;201606050100;201606050130;18,68;0;0;328,24;8,161;95,908;0;2,021;338,8;0,093187;62,12;0;0;0;0;401,2;408,859;13,76;12,62;12,695;10,72;10;36,843;38,7;42,21;4,316;6,82867;24,5095;-14,3559;6,7532;1;6,33546;3,32535;6,40189;0,0664339;2,149445721;1,333345721
05.06.2016 02:00;201606050130;201606050200;18,69;0;0;354,21;8,399;95,906;0;1,81;345,93;0,0567189;61,04;0;0;0;0;403,36;408,014;13,74;12,6;12,7;10,73;10,005;36,818;38,7;42,21;4,36;1,2385;25,3034;-2,16064;6,1673;1;6,33546;3,32535;6,39855;0,0630932;2,150790277;1,310890277
05.06.2016 02:30;201606050200;201606050230;18,76;0;0;351,11;8,596;95,904;0;1,986;337,23;-9999;60,3;0;0;0;0;403,17;406,798;13,735;12,585;12,71;10,735;10,01;36,8;38,7;42,21;4,464;-1,73038;13,6867;-17,4685;14,9169;1;6,33546;3,32535;6,40892;0,0734639;2,160222855;1,300622855
05.06.2016 03:00;201606050230;201606050300;18,14;0;0;324,13;7,931;95,903;0;1,783;342,7;-9999;61,92;0;0;1,41;0;398,3;410,656;13,725;12,575;12,705;10,74;10,01;36,765;38,7;42,21;4,498;1,63225;4,87247;-11,8542;4,77471;1;6,65492;3,2289;6,26183;-0,393093;2,077926485;1,284826485
05.06.2016 03:30;201606050300;201606050330;17,43;0;0;337,12;7,16;95,901;0;1,748;342,33;-9999;64,05;0;0;0;0;395,3;413,179;13,705;12,57;12,7;10,75;10,01;36,785;38,7;42,21;4,36;-1,01571;5,12244;-2,47502;6,33314;1;5,98609;3,21446;6,09503;0,108937;1,987076236;1,271076236
05.06.2016 04:00;201606050330;201606050400;17,28;0;0;329,35;6,935;95,906;0;1,492;347;0,0618606;64,85;0;0;0;0;394,05;413,838;13,67;12,555;12,695;10,755;10,02;36,74;38,65;42,21;4,102;0,566592;5,23642;-4,70661;6,89633;1;5,98609;3,21446;6,05568;0,0695915;1,968335298;1,274835298
05.06.2016 04:30;201606050400;201606050430;17,27;14,9251;1,13;340,29;6,887;95,914;0;1,738;345,97;0,0761662;65,07;4,33;0;2,78;0,92;394,66;416,672;13,63;12,535;12,69;10,76;10,02;36,788;38,63;42,21;3,9;-1,12191;5,37059;-10,2249;7,30485;0;5,98609;3,2017;6,04807;0,0619817;1,967091441;1,278391441
05.06.2016 05:00;201606050430;201606050500;16,92;97,9324;16,97;327,91;6,424;95,928;0;1,467;7,08;0,0797247;66,69;32,23;1;17,22;9,06;393,22;415,453;13,6;12,52;12,665;10,765;10,015;36,792;38,63;42,21;3,73;-1,22834;5,28426;-3,44839;7,49669;0;5,01091;3,14594;5,96374;0,952831;1,923989184;1,281589184
05.06.2016 05:30;201606050500;201606050530;17,17;193,587;34;310,85;6,789;95,944;0;1,159;41,02;0,107162;65,35;74,16;2,74;24,13;13,19;393,7;417,682;13,57;12,5;12,665;10,77;10,015;36,765;38,63;42,13;3,644;0,590178;5,2752;-0,785936;4,87975;0;3,35209;2,99003;6,01481;2,66272;1,954690802;1,275790802
05.06.2016 06:00;201606050530;201606050600;17,33;292,753;75,87;307,57;6,915;95,958;0;0,928;49,36;0,121853;65,06;157,52;7,01;34,11;26,21;394,35;415,913;13,54;12,485;12,675;10,775;10,025;36,742;38,63;42,13;3,538;0,663572;9,78634;-9,03502;8,81887;0;0,300875;3,11091;6,04556;5,74469;1,974564951;1,283064951
05.06.2016 06:30;201606050600;201606050630;18,17;393,733;108,51;310,03;7,9;95,974;0;1,153;88,17;0,110015;62,14;227,9;9,62;49,76;29,67;399,9;414,289;13,53;12,465;12,665;10,78;10,025;36,788;38,63;42,13;3,6;17,0623;12,7037;-7,96427;15,2468;0;-2,05717;4,13141;6,22997;8,28714;2,081844244;1,291844244
05.06.2016 07:00;201606050630;201606050700;18,91;494,8;204,99;315,29;8,577;95,989;0;0,856;65,48;0,227458;60,76;407,42;16,97;74,33;49;407,09;408,539;13,535;12,455;12,66;10,785;10,035;36,72;38,58;42,13;3,866;97,8946;57,4704;46,3183;29,6695;0;-10,5633;5,84558;6,39215;16,9555;2,180557883;1,322857883
05.06.2016 07:30;201606050700;201606050730;19,04;594,224;314,58;318,54;7,99;96,016;0;0,923;348,63;0,179254;63,74;619,73;24,65;110,33;63,09;410,29;409,144;13,585;12,45;12,65;10,785;10,035;36,68;38,56;42,11;4,468;82,4613;54,3841;56,1062;30,6779;0;-14,3962;5,89359;6,41597;20,8122;2,198317277;1,399317277
05.06.2016 08:00;201606050730;201606050800;19,2;690,305;373,81;323,86;8,491;96,062;0;1,069;345,83;0,203595;61,85;-9999;27,32;132;64,18;413,39;409,264;13,65;12,455;12,66;10,785;10,035;36,653;38,54;42,06;5,106;91,353;57,4399;100,404;38,8561;0;-13,7373;6,16709;6,44657;20,1839;2,220349163;1,371249163
05.06.2016 08:30;201606050800;201606050830;20,15;781,398;463,46;329,87;9,67;96,091;0;1,104;23,05;0,228782;59,04;930,93;32,66;144,53;78,73;420,66;405,91;13,74;12,48;12,655;10,79;10,04;36,625;38,49;42,06;5,944;126,182;54,135;136,002;47,1681;0;-21,3659;6,0577;6,65669;28,0226;2,355198708;1,388198708
05.06.2016 09:00;201606050830;201606050900;20,64;865,944;512,21;343,81;10,553;96,113;0;1,461;37,92;0,337444;56,63;1049,35;34,14;281,23;86,55;423,98;406,17;13,85;12,505;12,675;10,79;10,045;36,57;38,47;42,03;6,898;281,214;96,6947;219,112;55,2945;0;-16,1583;5,56973;6,76233;22,9206;2,42752033;1,37222033
05.06.2016 09:30;201606050900;201606050930;20,94;942,497;621,88;341,06;11,21;96,123;0;1,711;33,44;0,419991;54,77;1296,36;40,21;197,03;103,46;429,81;405,267;13,99;12,55;12,66;10,785;10,045;36,532;38,42;41,98;7,982;125,087;52,3853;241,234;56,6157;0;-13,6875;6,05611;6,82464;20,5121;2,472753596;1,351753596
05.06.2016 10:00;201606050930;201606051000;21,25;1009,75;626,15;340,37;12,156;96,145;0;1,96;36,38;0,462456;51,88;1330,38;39,15;169,73;102,45;431,33;404,435;14,155;12,605;12,655;10,785;10,045;36,517;38,4;41,9;9,156;194,071;41,5175;193,926;55,2945;0;-14,9441;6,36625;6,88919;21,8333;2,520269312;1,304669312
05.06.2016 10:30;201606051000;201606051030;21,41;1066,55;657,72;342,95;12,352;96,157;0;2,187;44,95;0,487172;51,58;1417,25;41,08;193,13;107,13;433,6;403,022;14,285;12,665;12,645;10,79;10,05;36,38;38,28;41,88;9,876;187,542;66,4605;220,877;54,946;0;-20,2053;7,56518;6,91949;27,1248;2,545105255;1,309905255
05.06.2016 11:00;201606051030;201606051100;21,78;1111,92;776,05;349,2;12,833;96,172;0;2,473;70,6;0,54894;50,82;1679,04;47,43;242,27;127,07;438,49;403,966;14,43;12,735;12,66;10,79;10,055;36,413;38,23;41,83;10,718;322,934;82,659;243,319;57,0496;0;-28,2558;6,84758;6,99761;35,2534;2,603361655;1,320061655
05.06.2016 11:30;201606051100;201606051130;22;1145,09;812,41;347,65;14,017;96,186;0;1,734;62,53;0,551079;47;1756,02;49,3;184,97;131,43;441,59;403,719;14,575;12,8;12,68;10,79;10,055;36,333;38,16;41,78;11,458;334,984;88,3554;335,537;62,9208;0;-18,5336;6,01103;7,04147;25,5751;2,63855177;1,23685177
05.06.2016 12:00;201606051130;201606051200;22,73;1165,49;845,02;350,77;15,383;96,184;0;1,786;77,69;0,534334;44,36;1840,55;51,23;176,77;133,57;445,48;403,462;14,72;12,875;12,705;10,79;10,06;36,188;38,12;41,75;12,14;79,3857;75,0992;342,624;41,4731;0;-18,2465;7,23197;7,20155;25,4481;2,758323249;1,220023249
05.06.2016 12:30;201606051200;201606051230;22,83;1172,77;874,75;355,47;14,694;96,176;0;2,426;118,83;0,603055;47,17;1912,03;53,44;184;138,73;447,41;403,355;14,85;12,945;12,725;10,795;10,06;36,1;38,05;41,7;12,652;193,287;81,9946;321,744;54,2615;0;-22,8266;7,03017;7,2179;30,0445;2,775095595;1,305695595
05.06.2016 13:00;201606051230;201606051300;22,86;1166,81;908,22;361,23;15,287;96,163;0;1,921;104,27;0,444476;45,14;1960,14;54,04;237,03;143,61;448,18;404,358;14,975;13,025;12,76;10,79;10,065;36,053;38;41,68;13,248;111,234;67,5414;207,955;45,5624;0;-11,9696;6,8737;7,21826;19,1879;2,780144686;1,251444686
05.06.2016 13:30;201606051300;201606051330;21,75;1147,71;253,71;363,82;13,89;96,205;0;3,654;25,96;0,739621;46,67;529,76;15,16;188,43;38,99;425,76;407,721;15,075;13,095;12,79;10,8;10,07;35,962;37,96;41,63;13,296;71,9236;50,8772;100,801;39,1194;0;-3,92118;4,69513;6,9595;10,8807;2,598595015;1,209595015
05.06.2016 14:00;201606051330;201606051400;18,35;1115,79;160,67;354,55;9,083;96,19;0;1,716;347,3;0,219016;56,96;339,59;9,75;151,27;27,99;408,81;406,94;14,93;13,14;12,83;10,81;10,07;35,867;37,89;41,6;10,882;29,7775;24,4777;12,0665;18,0611;0;-6,52567;4,55387;6,18728;12,713;2,105487286;1,197187286
05.06.2016 14:30;201606051400;201606051430;18,83;1071,61;174,14;360,05;9,969;96,163;0;1,646;304,03;0,263773;54,16;358,28;10,75;164,33;31,8;411,36;404,436;14,8;13,145;12,865;10,815;10,075;35,97;37,87;41,6;9,218;54,4228;50,0058;-19,6582;15,1391;0;-12,0261;6,05057;6,28908;18,3152;2,169691726;1,172791726
05.06.2016 15:00;201606051430;201606051500;19,12;1015,92;185,31;361,58;10,096;96,172;0;1,927;346,13;0,16707;54,41;383,57;11,49;179,57;33,22;413,33;406,068;14,72;13,14;12,88;10,825;10,075;35,99;37,82;41,6;8,434;27,4309;28,5849;-6,44073;42,8862;0;-9,15086;4,06687;6,34835;15,4992;2,209309118;1,199709118
05.06.2016 15:30;201606051500;201606051530;19,42;949,661;138,82;361,76;10,905;96,155;0;1,696;359,8;0,241718;51,67;287,28;8,75;136,17;24,76;413,31;404,688;14,665;13,125;12,895;10,825;10,085;36,045;37,8;41,58;8,086;31,8809;26,167;-1,43697;15,6871;0;-4,57938;5,28527;6,40983;10,9892;2,250959306;1,160459306
05.06.2016 16:00;201606051530;201606051600;19,15;873,982;174,66;348,47;9,682;96,123;0;1,149;1,14;0,137309;56,36;373,4;10,35;163,2;29,03;412,48;402,608;14,63;13,12;12,91;10,835;10,085;35,903;37,8;41,53;7,856;18,0379;27,7881;11,7826;18,0162;0;-8,03289;4,19856;6,34362;14,3765;2,213443476;1,245243476
05.06.2016 16:30;201606051600;201606051630;19,44;790,172;231,78;332,85;9,791;96,095;0;1,259;2,57;0,189412;56,66;482,68;13,56;154;35,12;414,52;400,806;14,605;13,11;12,93;10,84;10,09;36,03;37,73;41,53;7,702;69,8894;50,8772;14,4641;17,5;0;-9,62962;3,8508;6,40274;16,0324;2,253760319;1,274660319
05.06.2016 17:00;201606051630;201606051700;20,19;699,665;330,82;327,78;10,427;96,097;0;1,403;344,73;0,22594;55,94;668,32;19,51;107,57;45,89;420,31;400,457;14,595;13,105;12,94;10,845;10,095;36,035;37,73;41,53;7,656;89,6749;58,3941;62,4413;14,0926;0;-18,8648;6,30633;6,56489;25,4297;2,361030833;1,318330833
05.06.2016 17:30;201606051700;201606051730;21,02;604,01;479,68;335,28;12,01;96,118;0;1,303;341,83;0,32241;51,78;924,74;27,59;114,47;66,32;427,43;400,896;14,61;13,105;12,945;10,85;10,095;35,83;37,68;41,5;7,954;108,845;54,3841;109,73;41,6673;0;-18,0436;5,54969;6,74521;24,7888;2,484939901;1,283939901
05.06.2016 18:00;201606051730;201606051800;22,05;504,845;436,48;348,1;13,659;96,144;0;1,679;1,36;0,345491;48,51;843,16;25,52;166,6;59,77;432,63;399,285;14,665;13,115;12,97;10,855;10,105;35,81;37,66;41,45;8,494;131,461;18,927;87,2983;26,8493;0;-10,0901;5,47823;6,97078;17,0609;2,646607406;1,280707406
05.06.2016 18:30;201606051800;201606051830;22,62;403,864;396,16;357,47;13,973;96,156;0;1,431;346;0,304408;49,12;754,85;22,98;213,33;57,17;434,7;398,317;14,725;13,13;12,99;10,86;10,105;35,693;37,66;41,45;8,958;80,5466;55,897;43,924;23,0591;0;-8,91413;3,99743;7,09287;16,007;2,739976284;1,342676284
05.06.2016 19:00;201606051830;201606051900;22,66;302,797;232,84;360,47;13,619;96,186;0;1,105;9,05;0,173989;50,53;460,9;13,89;169,63;34,23;431,89;395,312;14,775;13,155;12,995;10,87;10,105;35,735;37,6;41,45;9,178;48,2215;40,074;17,5567;18,3055;0;-4,18852;4,01999;7,09544;11,284;2,746635502;1,384735502
05.06.2016 19:30;201606051900;201606051930;22,54;203,373;159,68;357,95;12,309;96,197;0;0,708;350,5;0,0982448;54,96;314,43;9,62;114,27;25,57;429,99;394,913;14,79;13,18;13,02;10,88;10,11;35,8;37,6;41,4;9,14;7,43689;13,6113;4,42101;16,8396;0;-4,65929;5,02187;7,062;11,7213;2,726700266;1,495800266
05.06.2016 20:00;201606051930;201606052000;22,71;107,293;87,56;347,22;12,346;96,201;0;1,259;307,33;0,125728;55,29;175,05;5,34;63,97;15,33;425,89;393,192;14,79;13,2;13,01;10,885;10,11;35,883;37,58;41,38;8,992;9,38171;13,9521;-23,6493;15,3763;0;-7,27554;4,37487;7,09381;14,3694;2,754979456;1,520379456
05.06.2016 20:30;201606052000;201606052030;21,77;20,5481;17,29;343,35;10,812;96,228;0;2,211;222,57;-9999;58,54;47,01;1,07;26,56;3;419,1;395,061;14,78;13,215;13,04;10,89;10,115;35,915;37,53;41,38;8,602;-1,62724;13,8426;-13,5076;15,0915;0;4,67893;3,04726;6,87644;2,19751;2,601771924;1,520571924
05.06.2016 21:00;201606052030;201606052100;20,99;0;1,39;352,03;9,945;96,253;0;2,221;233,27;0,0733229;60;9,62;0;4,84;0,61;414,86;396,343;14,75;13,22;13,045;10,9;10,115;35,865;37,53;41,38;8,148;1,76754;7,84304;-2,7664;15,9658;1;5,02992;3,15971;6,69578;1,66586;2,480363881;1,485863881
05.06.2016 21:30;201606052100;201606052130;20,8;0;0;373,11;9,308;96,275;0;2,246;250,1;0,204368;62,12;0,48;0;0;0;416,03;392,888;14,71;13,22;13,065;10,91;10,12;35,92;37,53;41,38;7,702;-13,4395;10,688;-10,3157;16,279;1;5,02992;3,15053;6,64731;1,61739;2,451553604;1,520753604
05.06.2016 22:00;201606052130;201606052200;19,66;0;0;381,55;5,984;96,302;0;2,559;264,2;-9999;73,87;0;0;0,77;0;413,01;398,751;14,69;13,22;13,07;10,915;10,125;35,928;37,53;41,38;7,424;-2,9043;13,9879;-15,5503;15,0046;1;7,50633;3,52365;6,38788;-1,11845;2,284773916;1,686373916
05.06.2016 22:30;201606052200;201606052230;19,1;0;0;336,73;7,374;96,308;0;2,419;260,3;0,165542;66,66;0;0;0;0;407,61;406,654;14,67;13,215;13,07;10,925;10,135;35,862;37,53;41,38;7,264;19,4821;10,0727;-23,3958;15,1653;1;5,33156;3,18038;6,25814;0,926581;2,206556646;1,469156646
05.06.2016 23:00;201606052230;201606052300;19,27;0;0;329,61;9,283;96,313;0;2,366;274,67;0,314476;58,47;0;0;0;0;406,23;403,629;14,635;13,21;13,08;10,935;10,135;35,877;37,53;41,38;6,918;-21,3996;9,89101;-45,7227;14,9112;1;5,02992;3,16454;6,28998;1,26006;2,230048885;1,301748885
05.06.2016 23:30;201606052300;201606052330;18,95;0;0;329,21;7,316;96,319;0;2,195;276,47;-9999;66,61;0;0;0;0;405,66;403,363;14,565;13,195;13,08;10,95;10,135;35,917;37,53;41,38;6,25;-12,485;8,33381;-15,8258;13,2241;1;5,02992;3,13777;6,21363;1,18371;2,186008851;1,454408851
